"entrada","repeticao","versao","threads","n","resultado","tempo_segundos"
"pequena","1","sequencial","1","20000","-9038.9589161255","0.0000213150"
"pequena","2","sequencial","1","20000","-9038.9589161255","0.0000178000"
"pequena","3","sequencial","1","20000","-9038.9589161255","0.0000201060"
"pequena","1","paralela","2","20000","-9038.9589161255","0.0002990880"
"pequena","2","paralela","2","20000","-9038.9589161255","0.0001905180"
"pequena","3","paralela","2","20000","-9038.9589161255","0.0002302570"
"pequena","1","paralela","4","20000","-9038.9589161255","0.0002386750"
"pequena","2","paralela","4","20000","-9038.9589161255","0.0003140220"
"pequena","3","paralela","4","20000","-9038.9589161255","0.0002532310"
"pequena","1","paralela","8","20000","-9038.9589161255","0.0005884260"
"pequena","2","paralela","8","20000","-9038.9589161255","0.0003480380"
"pequena","3","paralela","8","20000","-9038.9589161255","0.0003766610"
"pequena","1","paralela","12","20000","-9038.9589161255","0.0010269540"
"pequena","2","paralela","12","20000","-9038.9589161255","0.0004884500"
"pequena","3","paralela","12","20000","-9038.9589161255","0.0004824330"
"media","1","sequencial","1","120000","-8571.0283845852","0.0001857410"
"media","2","sequencial","1","120000","-8571.0283845852","0.0001748330"
"media","3","sequencial","1","120000","-8571.0283845852","0.0001017560"
"media","1","paralela","2","120000","-8571.0283845852","0.0006368530"
"media","2","paralela","2","120000","-8571.0283845852","0.0003276780"
"media","3","paralela","2","120000","-8571.0283845852","0.0002515460"
"media","1","paralela","4","120000","-8571.0283845851","0.0003495260"
"media","2","paralela","4","120000","-8571.0283845851","0.0003071660"
"media","3","paralela","4","120000","-8571.0283845851","0.0006505610"
"media","1","paralela","8","120000","-8571.0283845852","0.0003535050"
"media","2","paralela","8","120000","-8571.0283845852","0.0005201570"
"media","3","paralela","8","120000","-8571.0283845852","0.0004264240"
"media","1","paralela","12","120000","-8571.0283845852","0.0004874750"
"media","2","paralela","12","120000","-8571.0283845852","0.0008263100"
"media","3","paralela","12","120000","-8571.0283845852","0.0004944240"
"grande","1","sequencial","1","300000","-10077.3044208400","0.0002513430"
"grande","2","sequencial","1","300000","-10077.3044208400","0.0002648610"
"grande","3","sequencial","1","300000","-10077.3044208400","0.0004166510"
"grande","1","paralela","2","300000","-10077.3044208401","0.0002948530"
"grande","2","paralela","2","300000","-10077.3044208401","0.0003586880"
"grande","3","paralela","2","300000","-10077.3044208401","0.0002897960"
"grande","1","paralela","4","300000","-10077.3044208402","0.0003824000"
"grande","2","paralela","4","300000","-10077.3044208402","0.0003910910"
"grande","3","paralela","4","300000","-10077.3044208402","0.0005176310"
"grande","1","paralela","8","300000","-10077.3044208403","0.0003704410"
"grande","2","paralela","8","300000","-10077.3044208403","0.0003942650"
"grande","3","paralela","8","300000","-10077.3044208403","0.0003922230"
"grande","1","paralela","12","300000","-10077.3044208401","0.0004791390"
"grande","2","paralela","12","300000","-10077.3044208401","0.0006238650"
"grande","3","paralela","12","300000","-10077.3044208401","0.0007180330"
